<?xml version="1.0" encoding="UTF-8"?>

<FLOW VERSION="3.0" CLEANUP="true">

  <!-- nodes -->

<MAP TIMEOUT="" MODE="STANDALONE">
  <COMMENT>Initialize data</COMMENT>
  <MAPTARGET>

<Values version="2.0">
  <record name="xml" javaclass="com.wm.util.Values">
    <value name="node_type">record</value>
    <value name="node_subtype">unknown</value>
    <value name="is_public">false</value>
    <value name="field_type">record</value>
    <value name="field_dim">0</value>
    <value name="nillable">true</value>
    <value name="form_qualified">false</value>
    <value name="is_global">false</value>
    <array name="rec_fields" type="record" depth="1">
      <record javaclass="com.wm.util.Values">
        <value name="node_type">record</value>
        <value name="node_subtype">unknown</value>
        <value name="is_public">false</value>
        <value name="field_name">rewards</value>
        <value name="field_type">recref</value>
        <value name="field_dim">1</value>
        <value name="nillable">true</value>
        <value name="form_qualified">false</value>
        <value name="is_global">false</value>
        <value name="is_soap_array_encoding_used">false</value>
        <value name="modifiable">true</value>
        <value name="rec_ref">FX_Rewards_Repository.documents:Rewards</value>
      </record>
    </array>
    <value name="modifiable">true</value>
  </record>
</Values>
</MAPTARGET>
  <MAPSOURCE>

<Values version="2.0">
  <record name="xml" javaclass="com.wm.util.Values">
    <value name="node_type">record</value>
    <value name="node_subtype">unknown</value>
    <value name="is_public">false</value>
    <value name="field_type">record</value>
    <value name="field_dim">0</value>
    <value name="nillable">true</value>
    <value name="form_qualified">false</value>
    <value name="is_global">false</value>
    <array name="rec_fields" type="record" depth="1">
    </array>
    <value name="modifiable">true</value>
  </record>
</Values>
</MAPSOURCE>

  <!-- nodes -->

<MAPSET NAME="Setter" OVERWRITE="true" VARIABLES="false" GLOBALVARIABLES="false" FIELD="/rewards;4;1;FX_Rewards_Repository.documents:Rewards">
  <DATA ENCODING="XMLValues" I18N="true">

<Values version="2.0">
  <array name="xml" type="record" depth="1">
    <record javaclass="com.wm.util.Values">
      <value name="rewardsId">R001</value>
      <value name="rewardsName">iWatch X1</value>
      <value name="points">10</value>
    </record>
    <record javaclass="com.wm.util.Values">
      <value name="rewardsId">R002</value>
      <value name="rewardsName">Fitness Band M10</value>
      <value name="points">10000</value>
    </record>
    <record javaclass="com.wm.util.Values">
      <value name="rewardsId">R003</value>
      <value name="rewardsName">Axefly P01 Tablet</value>
      <value name="points">25000</value>
    </record>
    <record javaclass="com.wm.util.Values">
      <value name="rewardsId">R004</value>
      <value name="rewardsName">Google Pixel 42</value>
      <value name="points">60000</value>
    </record>
    <record javaclass="com.wm.util.Values">
      <value name="rewardsId">R005</value>
      <value name="rewardsName">Bumper Fitness Voucher</value>
      <value name="points">75000</value>
    </record>
  </array>
</Values>
</DATA>
</MAPSET>
</MAP>
</FLOW>
