[{"assetType":"Policy","assetObject":{"name":"Policy For API points[1.0]","id":"cd45374b-27a9-45ae-a9bd-f003b33ae249","status":"Success","explanation":"OK","warning":false}},{"assetType":"API","assetObject":{"name":"assessments[1.0]","id":"72293e15-0688-484c-9b1f-848a8c8fc72b","status":"Success","explanation":"OK","warning":false}},{"assetType":"PolicyAction","assetObject":{"name":"Policy Action [Outbound Auth - Transport] -> Policy For API challenges[1.0]","id":"04477462-9f14-4498-ab15-e69030f5afca","status":"Success","explanation":"OK","warning":false}},{"assetType":"API","assetObject":{"name":"points[1.0]","id":"53fad0b6-70b9-4b66-9837-e0508d5a2330","status":"Success","explanation":"OK","warning":false}},{"assetType":"Policy","assetObject":{"name":"Policy For API rewards[1.0]","id":"a6b23c3b-4ba6-4215-9d22-e46c90a44d81","status":"Success","explanation":"OK","warning":false}},{"assetType":"PolicyAction","assetObject":{"name":"Policy Action [Straight Through Routing] -> Policy For API customers[1.0]","id":"8fabac8c-2e6d-4dea-ae14-233e00a8686b","status":"Success","explanation":"OK","warning":false}},{"assetType":"Policy","assetObject":{"name":"Policy For API customers[1.0]","id":"cfb3385a-8b2c-42b5-b24e-17bbfb954784","status":"Success","explanation":"OK","warning":false}},{"assetType":"PassmanData","assetObject":{"name":"7b18cacd-952e-4742-bd9b-fec949963453password","id":"7b18cacd-952e-4742-bd9b-fec949963453password","status":"Success","explanation":"OK","warning":false}},{"assetType":"API","assetObject":{"name":"challenges[1.0]","id":"947e2f3c-9f18-410c-987d-4c681ac500aa","status":"Success","explanation":"OK","warning":false}},{"assetType":"PolicyAction","assetObject":{"name":"Policy Action [Enable HTTP / HTTPS] -> Policy For API customers[1.0]","id":"c31986b9-36f1-498c-a78e-a2b209debb8b","status":"Success","explanation":"OK","warning":false}},{"assetType":"Policy","assetObject":{"name":"Policy For API assessments[1.0]","id":"9086fb8e-572d-448c-8c51-a56f8a2542eb","status":"Success","explanation":"OK","warning":false}},{"assetType":"PolicyAction","assetObject":{"name":"Policy Action [Enable HTTP / HTTPS] -> Policy For API rewards[1.0]","id":"913ff3f8-b7dc-4763-b542-fc881ef85813","status":"Success","explanation":"OK","warning":false}},{"assetType":"PolicyAction","assetObject":{"name":"Policy Action [Straight Through Routing] -> Policy For API rewards[1.0]","id":"ad240388-b6ea-40c4-bf7b-52578016824d","status":"Success","explanation":"OK","warning":false}},{"assetType":"PolicyAction","assetObject":{"name":"Policy Action [Outbound Auth - Transport] -> Policy For API rewards[1.0]","id":"eb88d43c-5c4d-49f0-9ac3-fe6e2aff5c72","status":"Success","explanation":"OK","warning":false}},{"assetType":"PolicyAction","assetObject":{"name":"Policy Action [Enable HTTP / HTTPS] -> Policy For API challenges[1.0]","id":"c87a38bd-761a-48eb-896a-eb848d702282","status":"Success","explanation":"OK","warning":false}},{"assetType":"PolicyAction","assetObject":{"name":"Policy Action [Straight Through Routing] -> Policy For API points[1.0]","id":"ef6fef42-4657-4b88-8859-81da59c1e096","status":"Success","explanation":"OK","warning":false}},{"assetType":"PolicyAction","assetObject":{"name":"Policy Action [Outbound Auth - Transport] -> Policy For API assessments[1.0]","id":"7b18cacd-952e-4742-bd9b-fec949963453","status":"Success","explanation":"OK","warning":false}},{"assetType":"PassmanData","assetObject":{"name":"eb88d43c-5c4d-49f0-9ac3-fe6e2aff5c72password","id":"eb88d43c-5c4d-49f0-9ac3-fe6e2aff5c72password","status":"Success","explanation":"OK","warning":false}},{"assetType":"PolicyAction","assetObject":{"name":"Policy Action [Straight Through Routing] -> Policy For API assessments[1.0]","id":"77034398-011f-49f7-bc73-f8b6a23c1a53","status":"Success","explanation":"OK","warning":false}},{"assetType":"PolicyAction","assetObject":{"name":"Policy Action [Straight Through Routing] -> Policy For API challenges[1.0]","id":"9f4d1ced-e688-45ee-a0dc-1273e3f64cfe","status":"Success","explanation":"OK","warning":false}},{"assetType":"PassmanData","assetObject":{"name":"c775270b-fdeb-4303-94bd-b998401fd4b5password","id":"c775270b-fdeb-4303-94bd-b998401fd4b5password","status":"Success","explanation":"OK","warning":false}},{"assetType":"PolicyAction","assetObject":{"name":"Policy Action [Conditional Error Processing] -> Policy For API assessments[1.0]","id":"311cb162-ab83-4952-b53b-eb3df299ee2f","status":"Success","explanation":"OK","warning":false}},{"assetType":"PassmanData","assetObject":{"name":"04477462-9f14-4498-ab15-e69030f5afcapassword","id":"04477462-9f14-4498-ab15-e69030f5afcapassword","status":"Success","explanation":"OK","warning":false}},{"assetType":"PolicyAction","assetObject":{"name":"Policy Action [Conditional Error Processing] -> Policy For API customers[1.0]","id":"ee3b5203-e7b8-431a-b5d2-626772cc3574","status":"Success","explanation":"OK","warning":false}},{"assetType":"PolicyAction","assetObject":{"name":"Policy Action [Enable HTTP / HTTPS] -> Policy For API points[1.0]","id":"b9bc8d71-ba46-4eea-a250-023324456012","status":"Success","explanation":"OK","warning":false}},{"assetType":"PolicyAction","assetObject":{"name":"Policy Action [Conditional Error Processing] -> Policy For API challenges[1.0]","id":"de6622db-d5a3-47fe-aa9e-d119c66633c6","status":"Success","explanation":"OK","warning":false}},{"assetType":"RegisteredApplication","assetObject":{"name":"RegisteredApplication [ EmptyRegisteredApplication ]","id":"EmptyRegisteredApplication","status":"Success","explanation":"OK","warning":false}},{"assetType":"PolicyAction","assetObject":{"name":"Policy Action [Conditional Error Processing] -> Policy For API points[1.0]","id":"856242bc-fd6d-4459-866a-0be72225083f","status":"Success","explanation":"OK","warning":false}},{"assetType":"PassmanData","assetObject":{"name":"3ac546d0-54a6-4ac7-9f32-2283ad46ae5apassword","id":"3ac546d0-54a6-4ac7-9f32-2283ad46ae5apassword","status":"Success","explanation":"OK","warning":false}},{"assetType":"PolicyAction","assetObject":{"name":"Policy Action [Outbound Auth - Transport] -> Policy For API points[1.0]","id":"3ac546d0-54a6-4ac7-9f32-2283ad46ae5a","status":"Success","explanation":"OK","warning":false}},{"assetType":"API","assetObject":{"name":"rewards[1.0]","id":"6ccd417c-4b4e-45f5-855e-cb1adcd348b6","status":"Success","explanation":"OK","warning":false}},{"assetType":"PolicyAction","assetObject":{"name":"Policy Action [Outbound Auth - Transport] -> Policy For API customers[1.0]","id":"c775270b-fdeb-4303-94bd-b998401fd4b5","status":"Success","explanation":"OK","warning":false}},{"assetType":"Policy","assetObject":{"name":"Policy For API challenges[1.0]","id":"d525e2a5-5784-4754-908e-bcc14bb0489c","status":"Success","explanation":"OK","warning":false}},{"assetType":"PolicyAction","assetObject":{"name":"Policy Action [Conditional Error Processing] -> Policy For API rewards[1.0]","id":"c3a600ce-8c31-4192-813b-c9df04c65594","status":"Success","explanation":"OK","warning":false}},{"assetType":"PolicyAction","assetObject":{"name":"Policy Action [Enable HTTP / HTTPS] -> Policy For API assessments[1.0]","id":"ba5c50cf-f184-4442-978c-38ed38e7b740","status":"Success","explanation":"OK","warning":false}},{"assetType":"API","assetObject":{"name":"customers[1.0]","id":"eae27f7f-9c0f-4526-882c-9fa2df02ac2e","status":"Success","explanation":"OK","warning":false}}]